id,source,target_dimension,target_direction,openness,conscientiousness,extraversion,agreeableness,neuroticism,text
ipip-01,ipip,openness,high,80,,,,,"Me la paso encontrando conexiones entre cosas que a primera vista no tienen nada que ver: una película que vi, una idea que leí en un paper, un recuerdo de la infancia, todo me funciona como materia prima. Disfruto genuinamente de leer sobre temas que no son ni remotamente mi área, desde historia antigua hasta teoría de sistemas, solo porque me da curiosidad cómo piensa la gente en otros lugares del conocimiento. Cuando alguien me propone algo nuevo —un restaurante raro, un viaje improvisado, una forma distinta de encarar un problema— tiendo a decir que sí antes de evaluar si me conviene."
ipip-02,ipip,openness,low,20,,,,,"Me siento cómodo con las rutinas que tengo armadas y no me gusta particularmente experimentar con cosas nuevas solo porque sí. Cuando alguien me recomienda un libro o una película que se sale de lo que suelo consumir, muchas veces pienso que preferiría releer o ver de nuevo algo que ya sé que me funciona. No me interesa mucho lo abstracto o lo especulativo. Si no puedo imaginar cómo se aplica a algo concreto, siento que es discusión de café."
ipip-03,ipip,openness,high,80,,,,,"Cuando miro una obra de arte o escucho una canción que me pega, me quedo pensando en ella durante días, reconstruyéndola mentalmente. Tengo varios cuadernos a medio llenar con ideas sueltas que probablemente nunca convierta en nada pero que me gusta anotar por las dudas. Me emociono con detalles que a otros les parecen chicos: un giro de cámara, una metáfora bien puesta, el ritmo interno de un párrafo."
ipip-04,ipip,openness,low,20,,,,,"Soy bastante práctico: cuando algo me funciona, no me gusta ponerme a cuestionar por qué funciona o a buscarle vueltas filosóficas. Las discusiones sobre arte, poesía o teoría social me aburren rápido. Prefiero charlas concretas sobre cosas que se pueden arreglar o hacer. Si no le veo una utilidad clara a una idea, tiendo a descartarla sin mucho remordimiento."
ipip-05,ipip,conscientiousness,high,,80,,,,"Antes de empezar una tarea nueva armo un plan mental o escrito, con pasos y plazos aproximados. Trabajar sin estructura me pone incómodo. Cumplo lo que me comprometo, incluso cuando me arrepiento de haber dicho que sí. Me cuesta bastante cancelar o llegar tarde. Mi espacio de trabajo tiende a estar ordenado. No es que sea maniático, pero encontrar las cosas cuando las necesito me importa."
ipip-06,ipip,conscientiousness,low,,20,,,,"Tiendo a dejar las cosas para último momento y después me apuro. Sé que no es lo ideal pero una parte mía necesita la presión para arrancar. Los plazos más largos los pierdo de vista y después me encuentro corriendo. En cambio cuando algo es urgente, me pongo las pilas. Mi escritorio es un caos ordenado: yo sé dónde está cada cosa, aunque el resto piense que no."
ipip-07,ipip,conscientiousness,high,,80,,,,"Me gusta revisar mi trabajo dos o tres veces antes de entregarlo. Prefiero perder media hora al final que mandar algo con un error evitable. Hago listas de cosas por hacer y siento satisfacción cuando las tacho. No por performance, sino porque me ayuda a no tener nada flotando. Cuando me comprometo con una meta, la persigo hasta terminarla aunque se ponga aburrida o difícil. El abandono me incomoda internamente."
ipip-08,ipip,conscientiousness,low,,20,,,,"Arranco varios proyectos con mucho entusiasmo y después, cuando empiezan las partes aburridas, me aburro y paso al siguiente. Mi cuarto suele estar medio desordenado. No me molesta, y cuando me molesta lo ordeno una vez y a la semana vuelve al mismo estado. No soy bueno con los detalles: si algo está funcionando ""más o menos"", me cuesta dedicarle más tiempo a pulirlo."
ipip-09,ipip,extraversion,high,,,80,,,"Me cargo de energía cuando estoy con otros. Una sobremesa larga con amigos me deja mejor que cualquier siesta. Si paso varios días sin ver gente, me pongo un poco inquieto y empiezo a buscar planes con quien sea. En reuniones con desconocidos tiendo a ser de los que arranca la charla y la sostiene sin mucho esfuerzo; me resulta natural."
ipip-10,ipip,extraversion,low,,,20,,,"Después de una juntada larga, aunque la pase bien, necesito dos o tres horas solo para sentirme yo otra vez. Prefiero las conversaciones de uno a uno o en grupos chicos. Cuando se llena de gente me callo y escucho, o directamente me voy. No me gusta ser el centro de atención. Cuando alguien me pone en el foco, me pongo tímido y me cuesta pensar con claridad."
ipip-11,ipip,extraversion,high,,,80,,,"Hablo rápido y bastante, y a veces me doy cuenta tarde de que estoy monopolizando la conversación porque me entusiasmo con el tema. Me gusta moverme: caminar mientras pienso, hacer varias cosas a la vez, tener siempre algo por delante. Cuando estoy bajo presión o de buen ánimo tiendo a agarrar el volante de la situación sin preguntar."
ipip-12,ipip,extraversion,low,,,20,,,"Disfruto mucho de mi casa, de estar solo leyendo o viendo algo, y cuando el plan del finde se cancela siento una especie de alivio secreto. Me lleva tiempo confiar en alguien y abrirme. Con los que ya conozco soy distinto, pero con nuevos me voy midiendo. Prefiero escuchar antes que hablar. Cuando doy una opinión, suele ser después de haber procesado bastante lo que me dijeron."
ipip-13,ipip,extraversion,high,,,80,,,"Me contagia el entusiasmo de los demás y a la vez contagio el mío. En grupos donde el clima está medio muerto, algo en mí trata de levantarlo. Suelo acordarme de nombres, de cumpleaños, de detalles chicos de la gente que me importa, porque me importa que el otro se sienta visto. Me buscan cuando hay que organizar algo social y generalmente digo que sí."
ipip-14,ipip,agreeableness,high,,,,80,,"Tiendo a darle al otro el beneficio de la duda. Si alguien me trata mal, mi primera hipótesis es que está pasando un mal momento, no que es mala persona. Me cuesta pedir cosas para mí. Muchas veces pongo las necesidades del otro antes que las mías sin darme cuenta. Cuando hay conflicto en un grupo, intento que la gente se entienda antes que ganar la discusión."
ipip-15,ipip,agreeableness,low,,,,20,,"No tengo problema en decir lo que pienso aunque incomode. Prefiero un conflicto directo a una paz falsa. Desconfío un poco de la gente hasta que me muestra con hechos que se puede. No lo tomo como algo personal, es mi default. Cuando veo que se están aprovechando de mí, pongo el freno sin drama. Prioridades claras: primero lo mío."
ipip-16,ipip,agreeableness,high,,,,80,,"Me emociono fácil con las historias de otros. Si veo a alguien llorar en la calle, ya me afecta aunque no lo conozca. Me gusta ayudar incluso cuando implica un costo personal, y me siento raro cuando alguien me hace un favor y no puedo devolvérselo. Las películas donde alguien lastima a un animal me arruinan el día. Esa cosa de la compasión está muy conectada en mí."
ipip-17,ipip,agreeableness,low,,,,30,,"Soy bastante directo para dar feedback. Prefiero decirte que algo no me gusta a tragármelo y después estar raro sin que sepas por qué. En negociaciones no me cuesta pedir lo que quiero y no me pongo nervioso si el otro se incomoda un poco. Puedo ser cariñoso con gente muy cercana, pero con desconocidos mantengo distancia hasta entender la intención del otro."
ipip-18,ipip,neuroticism,low,,,,,20,"Cuando algo sale mal, mi primera reacción suele ser mirar qué se puede hacer ahora, no quedarme atrapado en el golpe. No es que no me afecten las cosas, pero tengo bastante registro de proporción. Una mala semana no me hace pensar que toda mi vida está rota. La gente a veces me dice que transmito calma en momentos tensos, y creo que tiene que ver con que no me desordeno fácil por adentro."
ipip-19,ipip,neuroticism,high,,,,,80,"Tengo una mezcla rara entre sensibilidad y autoexigencia. Si alguien que me importa se aleja un poco, enseguida me pregunto en qué fallé. Me cuesta separar hechos de interpretaciones cuando estoy emocionalmente cargado, y termino leyendo señales en todos lados. Después suelo acomodarme, pero en el momento todo se siente más grande, más definitivo, más personal."
ipip-20,ipip,neuroticism,low,,,,,20,"No necesito que todo esté perfecto para sentirme bien. Si hay incertidumbre, la tolero bastante mejor que antes y no me desarmo por no tener control total. Aprendí a distinguir entre un problema real y una emoción pasajera. Eso me ayuda a no actuar impulsivamente cuando algo me frustra. Creo que mi mayor fortaleza hoy es esa: sostenerme sin dramatizar cada curva."
